COUNTY_NAME,POPULATION,STATE
"AUTAUGA COUNTY, AL",54571,AL
"BALDWIN COUNTY, AL",182265,AL
"BARBOUR COUNTY, AL",27457,AL
"BIBB COUNTY, AL",22915,AL
"BLOUNT COUNTY, AL",57322,AL
"BULLOCK COUNTY, AL",10914,AL
"BUTLER COUNTY, AL",20947,AL
"CALHOUN COUNTY, AL",118572,AL
"CHAMBERS COUNTY, AL",34215,AL
"CHEROKEE COUNTY, AL",25989,AL
"CHILTON COUNTY, AL",43643,AL
"CHOCTAW COUNTY, AL",13859,AL
"CLARKE COUNTY, AL",25833,AL
"CLAY COUNTY, AL",13932,AL
"CLEBURNE COUNTY, AL",14972,AL
"COFFEE COUNTY, AL",49948,AL
"COLBERT COUNTY, AL",54428,AL
"CONECUH COUNTY, AL",13228,AL
"COOSA COUNTY, AL",11539,AL
"COVINGTON COUNTY, AL",37765,AL
"CRENSHAW COUNTY, AL",13906,AL
"CULLMAN COUNTY, AL",80406,AL
"DALE COUNTY, AL",50251,AL
"DALLAS COUNTY, AL",43820,AL
"DEKALB COUNTY, AL",71109,AL
"ELMORE COUNTY, AL",79303,AL
"ESCAMBIA COUNTY, AL",38319,AL
"ETOWAH COUNTY, AL",104430,AL
"FAYETTE COUNTY, AL",17241,AL
"FRANKLIN COUNTY, AL",31704,AL
"GENEVA COUNTY, AL",26790,AL
"GREENE COUNTY, AL",9045,AL
"HALE COUNTY, AL",15760,AL
"HENRY COUNTY, AL",17302,AL
"HOUSTON COUNTY, AL",101547,AL
"JACKSON COUNTY, AL",53227,AL
"JEFFERSON COUNTY, AL",658466,AL
"LAMAR COUNTY, AL",14564,AL
"LAUDERDALE COUNTY, AL",92709,AL
"LAWRENCE COUNTY, AL",34339,AL
"LEE COUNTY, AL",140247,AL
"LIMESTONE COUNTY, AL",82782,AL
"LOWNDES COUNTY, AL",11299,AL
"MACON COUNTY, AL",21452,AL
"MADISON COUNTY, AL",334811,AL
"MARENGO COUNTY, AL",21027,AL
"MARION COUNTY, AL",30776,AL
"MARSHALL COUNTY, AL",93019,AL
"MOBILE COUNTY, AL",412992,AL
"MONROE COUNTY, AL",23068,AL
"MONTGOMERY COUNTY, AL",229363,AL
"MORGAN COUNTY, AL",119490,AL
"PERRY COUNTY, AL",10591,AL
"PICKENS COUNTY, AL",19746,AL
"PIKE COUNTY, AL",32899,AL
"RANDOLPH COUNTY, AL",22913,AL
"RUSSELL COUNTY, AL",52947,AL
"ST. CLAIR COUNTY, AL",83593,AL
"SHELBY COUNTY, AL",195085,AL
"SUMTER COUNTY, AL",13763,AL
"TALLADEGA COUNTY, AL",82291,AL
"TALLAPOOSA COUNTY, AL",41616,AL
"TUSCALOOSA COUNTY, AL",194656,AL
"WALKER COUNTY, AL",67023,AL
"WASHINGTON COUNTY, AL",17581,AL
"WILCOX COUNTY, AL",11670,AL
"WINSTON COUNTY, AL",24484,AL
"APACHE COUNTY, AZ",71518,AZ
"COCHISE COUNTY, AZ",131346,AZ
"COCONINO COUNTY, AZ",134421,AZ
"GILA COUNTY, AZ",53597,AZ
"GRAHAM COUNTY, AZ",37220,AZ
"GREENLEE COUNTY, AZ",8437,AZ
"LA PAZ COUNTY, AZ",20489,AZ
"MARICOPA COUNTY, AZ",3817117,AZ
"MOHAVE COUNTY, AZ",200186,AZ
"NAVAJO COUNTY, AZ",107449,AZ
"PIMA COUNTY, AZ",980263,AZ
"PINAL COUNTY, AZ",375770,AZ
"SANTA CRUZ COUNTY, AZ",47420,AZ
"YAVAPAI COUNTY, AZ",211033,AZ
"YUMA COUNTY, AZ",195751,AZ
"ALAMEDA COUNTY, CA",1510271,CA
"ALPINE COUNTY, CA",1175,CA
"AMADOR COUNTY, CA",38091,CA
"BUTTE COUNTY, CA",220000,CA
"CALAVERAS COUNTY, CA",45578,CA
"COLUSA COUNTY, CA",21419,CA
"CONTRA COSTA COUNTY, CA",1049025,CA
"DEL NORTE COUNTY, CA",28610,CA
"EL DORADO COUNTY, CA",181058,CA
"FRESNO COUNTY, CA",930450,CA
"GLENN COUNTY, CA",28122,CA
"HUMBOLDT COUNTY, CA",134623,CA
"IMPERIAL COUNTY, CA",174528,CA
"INYO COUNTY, CA",18546,CA
"KERN COUNTY, CA",839631,CA
"KINGS COUNTY, CA",152982,CA
"LAKE COUNTY, CA",64665,CA
"LASSEN COUNTY, CA",34895,CA
"LOS ANGELES COUNTY, CA",9818605,CA
"MADERA COUNTY, CA",150865,CA
"MARIN COUNTY, CA",252409,CA
"MARIPOSA COUNTY, CA",18251,CA
"MENDOCINO COUNTY, CA",87841,CA
"MERCED COUNTY, CA",255793,CA
"MODOC COUNTY, CA",9686,CA
"MONO COUNTY, CA",14202,CA
"MONTEREY COUNTY, CA",415057,CA
"NAPA COUNTY, CA",136484,CA
"NEVADA COUNTY, CA",98764,CA
"ORANGE COUNTY, CA",3010232,CA
"PLACER COUNTY, CA",348432,CA
"PLUMAS COUNTY, CA",20007,CA
"RIVERSIDE COUNTY, CA",2189641,CA
"SACRAMENTO COUNTY, CA",1418788,CA
"SAN BENITO COUNTY, CA",55269,CA
"SAN BERNARDINO COUNTY, CA",2035210,CA
"SAN DIEGO COUNTY, CA",3095313,CA
"SAN FRANCISCO COUNTY, CA",805235,CA
"SAN JOAQUIN COUNTY, CA",685306,CA
"SAN LUIS OBISPO COUNTY, CA",269637,CA
"SAN MATEO COUNTY, CA",718451,CA
"SANTA BARBARA COUNTY, CA",423895,CA
"SANTA CLARA COUNTY, CA",1781642,CA
"SANTA CRUZ COUNTY, CA",262382,CA
"SHASTA COUNTY, CA",177223,CA
"SIERRA COUNTY, CA",3240,CA
"SISKIYOU COUNTY, CA",44900,CA
"SOLANO COUNTY, CA",413344,CA
"SONOMA COUNTY, CA",483878,CA
"STANISLAUS COUNTY, CA",514453,CA
"SUTTER COUNTY, CA",94737,CA
"TEHAMA COUNTY, CA",63463,CA
"TRINITY COUNTY, CA",13786,CA
"TULARE COUNTY, CA",442179,CA
"TUOLUMNE COUNTY, CA",55365,CA
"VENTURA COUNTY, CA",823318,CA
"YOLO COUNTY, CA",200849,CA
"YUBA COUNTY, CA",72155,CA
"ALACHUA COUNTY, FL",247336,FL
"BAKER COUNTY, FL",27115,FL
"BAY COUNTY, FL",168852,FL
"BRADFORD COUNTY, FL",28520,FL
"BREVARD COUNTY, FL",543376,FL
"BROWARD COUNTY, FL",1748066,FL
"CALHOUN COUNTY, FL",14625,FL
"CHARLOTTE COUNTY, FL",159978,FL
"CITRUS COUNTY, FL",141236,FL
"CLAY COUNTY, FL",190865,FL
"COLLIER COUNTY, FL",321520,FL
"COLUMBIA COUNTY, FL",67531,FL
"DESOTO COUNTY, FL",34862,FL
"DIXIE COUNTY, FL",16422,FL
"DUVAL COUNTY, FL",864263,FL
"ESCAMBIA COUNTY, FL",297619,FL
"FLAGLER COUNTY, FL",95696,FL
"FRANKLIN COUNTY, FL",11549,FL
"GADSDEN COUNTY, FL",46389,FL
"GILCHRIST COUNTY, FL",16939,FL
"GLADES COUNTY, FL",12884,FL
"GULF COUNTY, FL",15863,FL
"HAMILTON COUNTY, FL",14799,FL
"HARDEE COUNTY, FL",27731,FL
"HENDRY COUNTY, FL",39140,FL
"HERNANDO COUNTY, FL",172778,FL
"HIGHLANDS COUNTY, FL",98786,FL
"HILLSBOROUGH COUNTY, FL",1229226,FL
"HOLMES COUNTY, FL",19927,FL
"INDIAN RIVER COUNTY, FL",138028,FL
"JACKSON COUNTY, FL",49746,FL
"JEFFERSON COUNTY, FL",14761,FL
"LAFAYETTE COUNTY, FL",8870,FL
"LAKE COUNTY, FL",297052,FL
"LEE COUNTY, FL",618754,FL
"LEON COUNTY, FL",275487,FL
"LEVY COUNTY, FL",40801,FL
"LIBERTY COUNTY, FL",8365,FL
"MADISON COUNTY, FL",19224,FL
"MANATEE COUNTY, FL",322833,FL
"MARION COUNTY, FL",331298,FL
"MARTIN COUNTY, FL",146318,FL
"MIAMI-DADE COUNTY, FL",2496435,FL
"MONROE COUNTY, FL",73090,FL
"NASSAU COUNTY, FL",73314,FL
"OKALOOSA COUNTY, FL",180822,FL
"OKEECHOBEE COUNTY, FL",39996,FL
"ORANGE COUNTY, FL",1145956,FL
"OSCEOLA COUNTY, FL",268685,FL
"PALM BEACH COUNTY, FL",1320134,FL
"PASCO COUNTY, FL",464697,FL
"PINELLAS COUNTY, FL",916542,FL
"POLK COUNTY, FL",602095,FL
"PUTNAM COUNTY, FL",74364,FL
"ST. JOHNS COUNTY, FL",190039,FL
"ST. LUCIE COUNTY, FL",277789,FL
"SANTA ROSA COUNTY, FL",151372,FL
"SARASOTA COUNTY, FL",379448,FL
"SEMINOLE COUNTY, FL",422718,FL
"SUMTER COUNTY, FL",93420,FL
"SUWANNEE COUNTY, FL",41551,FL
"TAYLOR COUNTY, FL",22570,FL
"UNION COUNTY, FL",15535,FL
"VOLUSIA COUNTY, FL",494593,FL
"WAKULLA COUNTY, FL",30776,FL
"WALTON COUNTY, FL",55043,FL
"WASHINGTON COUNTY, FL",24896,FL
"APPLING COUNTY, GA",18236,GA
"ATKINSON COUNTY, GA",8375,GA
"BACON COUNTY, GA",11096,GA
"BAKER COUNTY, GA",3451,GA
"BALDWIN COUNTY, GA",45720,GA
"BANKS COUNTY, GA",18395,GA
"BARROW COUNTY, GA",69367,GA
"BARTOW COUNTY, GA",100157,GA
"BEN HILL COUNTY, GA",17634,GA
"BERRIEN COUNTY, GA",19286,GA
"BIBB COUNTY, GA",155547,GA
"BLECKLEY COUNTY, GA",13063,GA
"BRANTLEY COUNTY, GA",18411,GA
"BROOKS COUNTY, GA",16243,GA
"BRYAN COUNTY, GA",30233,GA
"BULLOCH COUNTY, GA",70217,GA
"BURKE COUNTY, GA",23316,GA
"BUTTS COUNTY, GA",23655,GA
"CALHOUN COUNTY, GA",6694,GA
"CAMDEN COUNTY, GA",50513,GA
"CANDLER COUNTY, GA",10998,GA
"CARROLL COUNTY, GA",110527,GA
"CATOOSA COUNTY, GA",63942,GA
"CHARLTON COUNTY, GA",12171,GA
"CHATHAM COUNTY, GA",265128,GA
"CHATTAHOOCHEE COUNTY, GA",11267,GA
"CHATTOOGA COUNTY, GA",26015,GA
"CHEROKEE COUNTY, GA",214346,GA
"CLARKE COUNTY, GA",116714,GA
"CLAY COUNTY, GA",3183,GA
"CLAYTON COUNTY, GA",259424,GA
"CLINCH COUNTY, GA",6798,GA
"COBB COUNTY, GA",688078,GA
"COFFEE COUNTY, GA",42356,GA
"COLQUITT COUNTY, GA",45498,GA
"COLUMBIA COUNTY, GA",124053,GA
"COOK COUNTY, GA",17212,GA
"COWETA COUNTY, GA",127317,GA
"CRAWFORD COUNTY, GA",12630,GA
"CRISP COUNTY, GA",23439,GA
"DADE COUNTY, GA",16633,GA
"DAWSON COUNTY, GA",22330,GA
"DECATUR COUNTY, GA",27842,GA
"DEKALB COUNTY, GA",691893,GA
"DODGE COUNTY, GA",21796,GA
"DOOLY COUNTY, GA",14918,GA
"DOUGHERTY COUNTY, GA",94565,GA
"DOUGLAS COUNTY, GA",132403,GA
"EARLY COUNTY, GA",11008,GA
"ECHOLS COUNTY, GA",4034,GA
"EFFINGHAM COUNTY, GA",52250,GA
"ELBERT COUNTY, GA",20166,GA
"EMANUEL COUNTY, GA",22598,GA
"EVANS COUNTY, GA",11000,GA
"FANNIN COUNTY, GA",23682,GA
"FAYETTE COUNTY, GA",106567,GA
"FLOYD COUNTY, GA",96317,GA
"FORSYTH COUNTY, GA",175511,GA
"FRANKLIN COUNTY, GA",22084,GA
"FULTON COUNTY, GA",920581,GA
"GILMER COUNTY, GA",28292,GA
"GLASCOCK COUNTY, GA",3082,GA
"GLYNN COUNTY, GA",79626,GA
"GORDON COUNTY, GA",55186,GA
"GRADY COUNTY, GA",25011,GA
"GREENE COUNTY, GA",15994,GA
"GWINNETT COUNTY, GA",805321,GA
"HABERSHAM COUNTY, GA",43041,GA
"HALL COUNTY, GA",179684,GA
"HANCOCK COUNTY, GA",9429,GA
"HARALSON COUNTY, GA",28780,GA
"HARRIS COUNTY, GA",32024,GA
"HART COUNTY, GA",25213,GA
"HEARD COUNTY, GA",11834,GA
"HENRY COUNTY, GA",203922,GA
"HOUSTON COUNTY, GA",139900,GA
"IRWIN COUNTY, GA",9538,GA
"JACKSON COUNTY, GA",60485,GA
"JASPER COUNTY, GA",13900,GA
"JEFF DAVIS COUNTY, GA",15068,GA
"JEFFERSON COUNTY, GA",16930,GA
"JENKINS COUNTY, GA",8340,GA
"JOHNSON COUNTY, GA",9980,GA
"JONES COUNTY, GA",28669,GA
"LAMAR COUNTY, GA",18317,GA
"LANIER COUNTY, GA",10078,GA
"LAURENS COUNTY, GA",48434,GA
"LEE COUNTY, GA",28298,GA
"LIBERTY COUNTY, GA",63453,GA
"LINCOLN COUNTY, GA",7996,GA
"LONG COUNTY, GA",14464,GA
"LOWNDES COUNTY, GA",109233,GA
"LUMPKIN COUNTY, GA",29966,GA
"MCDUFFIE COUNTY, GA",21875,GA
"MCINTOSH COUNTY, GA",14333,GA
"MACON COUNTY, GA",14740,GA
"MADISON COUNTY, GA",28120,GA
"MARION COUNTY, GA",8742,GA
"MERIWETHER COUNTY, GA",21992,GA
"MILLER COUNTY, GA",6125,GA
"MITCHELL COUNTY, GA",23498,GA
"MONROE COUNTY, GA",26424,GA
"MONTGOMERY COUNTY, GA",9123,GA
"MORGAN COUNTY, GA",17868,GA
"MURRAY COUNTY, GA",39628,GA
"MUSCOGEE COUNTY, GA",189885,GA
"NEWTON COUNTY, GA",99958,GA
"OCONEE COUNTY, GA",32808,GA
"OGLETHORPE COUNTY, GA",14899,GA
"PAULDING COUNTY, GA",142324,GA
"PEACH COUNTY, GA",27695,GA
"PICKENS COUNTY, GA",29431,GA
"PIERCE COUNTY, GA",18758,GA
"PIKE COUNTY, GA",17869,GA
"POLK COUNTY, GA",41475,GA
"PULASKI COUNTY, GA",12010,GA
"PUTNAM COUNTY, GA",21218,GA
"QUITMAN COUNTY, GA",2513,GA
"RABUN COUNTY, GA",16276,GA
"RANDOLPH COUNTY, GA",7719,GA
"RICHMOND COUNTY, GA",200549,GA
"ROCKDALE COUNTY, GA",85215,GA
"SCHLEY COUNTY, GA",5010,GA
"SCREVEN COUNTY, GA",14593,GA
"SEMINOLE COUNTY, GA",8729,GA
"SPALDING COUNTY, GA",64073,GA
"STEPHENS COUNTY, GA",26175,GA
"STEWART COUNTY, GA",6058,GA
"SUMTER COUNTY, GA",32819,GA
"TALBOT COUNTY, GA",6865,GA
"TALIAFERRO COUNTY, GA",1717,GA
"TATTNALL COUNTY, GA",25520,GA
"TAYLOR COUNTY, GA",8906,GA
"TELFAIR COUNTY, GA",16500,GA
"TERRELL COUNTY, GA",9315,GA
"THOMAS COUNTY, GA",44720,GA
"TIFT COUNTY, GA",40118,GA
"TOOMBS COUNTY, GA",27223,GA
"TOWNS COUNTY, GA",10471,GA
"TREUTLEN COUNTY, GA",6885,GA
"TROUP COUNTY, GA",67044,GA
"TURNER COUNTY, GA",8930,GA
"TWIGGS COUNTY, GA",9023,GA
"UNION COUNTY, GA",21356,GA
"UPSON COUNTY, GA",27153,GA
"WALKER COUNTY, GA",68756,GA
"WALTON COUNTY, GA",83768,GA
"WARE COUNTY, GA",36312,GA
"WARREN COUNTY, GA",5834,GA
"WASHINGTON COUNTY, GA",21187,GA
"WAYNE COUNTY, GA",30099,GA
"WEBSTER COUNTY, GA",2799,GA
"WHEELER COUNTY, GA",7421,GA
"WHITE COUNTY, GA",27144,GA
"WHITFIELD COUNTY, GA",102599,GA
"WILCOX COUNTY, GA",9255,GA
"WILKES COUNTY, GA",10593,GA
"WILKINSON COUNTY, GA",9563,GA
"WORTH COUNTY, GA",21679,GA
"ADA COUNTY, ID",392365,ID
"ADAMS COUNTY, ID",3976,ID
"BANNOCK COUNTY, ID",82839,ID
"BEAR LAKE COUNTY, ID",5986,ID
"BENEWAH COUNTY, ID",9285,ID
"BINGHAM COUNTY, ID",45607,ID
"BLAINE COUNTY, ID",21376,ID
"BOISE COUNTY, ID",7028,ID
"BONNER COUNTY, ID",40877,ID
"BONNEVILLE COUNTY, ID",104234,ID
"BOUNDARY COUNTY, ID",10972,ID
"BUTTE COUNTY, ID",2891,ID
"CAMAS COUNTY, ID",1117,ID
"CANYON COUNTY, ID",188923,ID
"CARIBOU COUNTY, ID",6963,ID
"CASSIA COUNTY, ID",22952,ID
"CLARK COUNTY, ID",982,ID
"CLEARWATER COUNTY, ID",8761,ID
"CUSTER COUNTY, ID",4368,ID
"ELMORE COUNTY, ID",27038,ID
"FRANKLIN COUNTY, ID",12786,ID
"FREMONT COUNTY, ID",13242,ID
"GEM COUNTY, ID",16719,ID
"GOODING COUNTY, ID",15464,ID
"IDAHO COUNTY, ID",16267,ID
"JEFFERSON COUNTY, ID",26140,ID
"JEROME COUNTY, ID",22374,ID
"KOOTENAI COUNTY, ID",138494,ID
"LATAH COUNTY, ID",37244,ID
"LEMHI COUNTY, ID",7936,ID
"LEWIS COUNTY, ID",3821,ID
"LINCOLN COUNTY, ID",5208,ID
"MADISON COUNTY, ID",37536,ID
"MINIDOKA COUNTY, ID",20069,ID
"NEZ PERCE COUNTY, ID",39265,ID
"ONEIDA COUNTY, ID",4286,ID
"OWYHEE COUNTY, ID",11526,ID
"PAYETTE COUNTY, ID",22623,ID
"POWER COUNTY, ID",7817,ID
"SHOSHONE COUNTY, ID",12765,ID
"TETON COUNTY, ID",10170,ID
"TWIN FALLS COUNTY, ID",77230,ID
"VALLEY COUNTY, ID",9862,ID
"WASHINGTON COUNTY, ID",10198,ID
"ADAMS COUNTY, MS",32297,MS
"ALCORN COUNTY, MS",37057,MS
"AMITE COUNTY, MS",13131,MS
"ATTALA COUNTY, MS",19564,MS
"BENTON COUNTY, MS",8729,MS
"BOLIVAR COUNTY, MS",34145,MS
"CALHOUN COUNTY, MS",14962,MS
"CARROLL COUNTY, MS",10597,MS
"CHICKASAW COUNTY, MS",17392,MS
"CHOCTAW COUNTY, MS",8547,MS
"CLAIBORNE COUNTY, MS",9604,MS
"CLARKE COUNTY, MS",16732,MS
"CLAY COUNTY, MS",20634,MS
"COAHOMA COUNTY, MS",26151,MS
"COPIAH COUNTY, MS",29449,MS
"COVINGTON COUNTY, MS",19568,MS
"DESOTO COUNTY, MS",161252,MS
"FORREST COUNTY, MS",74934,MS
"FRANKLIN COUNTY, MS",8118,MS
"GEORGE COUNTY, MS",22578,MS
"GREENE COUNTY, MS",14400,MS
"GRENADA COUNTY, MS",21906,MS
"HANCOCK COUNTY, MS",43929,MS
"HARRISON COUNTY, MS",187105,MS
"HINDS COUNTY, MS",245285,MS
"HOLMES COUNTY, MS",19198,MS
"HUMPHREYS COUNTY, MS",9375,MS
"ISSAQUENA COUNTY, MS",1406,MS
"ITAWAMBA COUNTY, MS",23401,MS
"JACKSON COUNTY, MS",139668,MS
"JASPER COUNTY, MS",17062,MS
"JEFFERSON COUNTY, MS",7726,MS
"JEFFERSON DAVIS COUNTY, MS",12487,MS
"JONES COUNTY, MS",67761,MS
"KEMPER COUNTY, MS",10456,MS
"LAFAYETTE COUNTY, MS",47351,MS
"LAMAR COUNTY, MS",55658,MS
"LAUDERDALE COUNTY, MS",80261,MS
"LAWRENCE COUNTY, MS",12929,MS
"LEAKE COUNTY, MS",23805,MS
"LEE COUNTY, MS",82910,MS
"LEFLORE COUNTY, MS",32317,MS
"LINCOLN COUNTY, MS",34869,MS
"LOWNDES COUNTY, MS",59779,MS
"MADISON COUNTY, MS",95203,MS
"MARION COUNTY, MS",27088,MS
"MARSHALL COUNTY, MS",37144,MS
"MONROE COUNTY, MS",36989,MS
"MONTGOMERY COUNTY, MS",10925,MS
"NESHOBA COUNTY, MS",29676,MS
"NEWTON COUNTY, MS",21720,MS
"NOXUBEE COUNTY, MS",11545,MS
"OKTIBBEHA COUNTY, MS",47671,MS
"PANOLA COUNTY, MS",34707,MS
"PEARL RIVER COUNTY, MS",55834,MS
"PERRY COUNTY, MS",12250,MS
"PIKE COUNTY, MS",40404,MS
"PONTOTOC COUNTY, MS",29957,MS
"PRENTISS COUNTY, MS",25276,MS
"QUITMAN COUNTY, MS",8223,MS
"RANKIN COUNTY, MS",141617,MS
"SCOTT COUNTY, MS",28264,MS
"SHARKEY COUNTY, MS",4916,MS
"SIMPSON COUNTY, MS",27503,MS
"SMITH COUNTY, MS",16491,MS
"STONE COUNTY, MS",17786,MS
"SUNFLOWER COUNTY, MS",29450,MS
"TALLAHATCHIE COUNTY, MS",15378,MS
"TATE COUNTY, MS",28886,MS
"TIPPAH COUNTY, MS",22232,MS
"TISHOMINGO COUNTY, MS",19593,MS
"TUNICA COUNTY, MS",10778,MS
"UNION COUNTY, MS",27134,MS
"WALTHALL COUNTY, MS",15443,MS
"WARREN COUNTY, MS",48773,MS
"WASHINGTON COUNTY, MS",51137,MS
"WAYNE COUNTY, MS",20747,MS
"WEBSTER COUNTY, MS",10253,MS
"WILKINSON COUNTY, MS",9878,MS
"WINSTON COUNTY, MS",19198,MS
"YALOBUSHA COUNTY, MS",12678,MS
"YAZOO COUNTY, MS",28065,MS
"BERNALILLO COUNTY, NM",662564,NM
"CATRON COUNTY, NM",3725,NM
"CHAVES COUNTY, NM",65645,NM
"CIBOLA COUNTY, NM",27213,NM
"COLFAX COUNTY, NM",13750,NM
"CURRY COUNTY, NM",48376,NM
"DE BACA COUNTY, NM",2022,NM
"DOÑA ANA COUNTY, NM",209233,NM
"EDDY COUNTY, NM",53829,NM
"GRANT COUNTY, NM",29514,NM
"GUADALUPE COUNTY, NM",4687,NM
"HARDING COUNTY, NM",695,NM
"HIDALGO COUNTY, NM",4894,NM
"LEA COUNTY, NM",64727,NM
"LINCOLN COUNTY, NM",20497,NM
"LOS ALAMOS COUNTY, NM",17950,NM
"LUNA COUNTY, NM",25095,NM
"MCKINLEY COUNTY, NM",71492,NM
"MORA COUNTY, NM",4881,NM
"OTERO COUNTY, NM",63797,NM
"QUAY COUNTY, NM",9041,NM
"RIO ARRIBA COUNTY, NM",40246,NM
"ROOSEVELT COUNTY, NM",19846,NM
"SANDOVAL COUNTY, NM",131561,NM
"SAN JUAN COUNTY, NM",130044,NM
"SAN MIGUEL COUNTY, NM",29393,NM
"SANTA FE COUNTY, NM",144170,NM
"SIERRA COUNTY, NM",11988,NM
"SOCORRO COUNTY, NM",17866,NM
"TAOS COUNTY, NM",32937,NM
"TORRANCE COUNTY, NM",16383,NM
"UNION COUNTY, NM",4549,NM
"VALENCIA COUNTY, NM",76569,NM
"ALBANY COUNTY, NY",304204,NY
"ALLEGANY COUNTY, NY",48946,NY
"BRONX COUNTY, NY",1385108,NY
"BROOME COUNTY, NY",200600,NY
"CATTARAUGUS COUNTY, NY",80317,NY
"CAYUGA COUNTY, NY",80026,NY
"CHAUTAUQUA COUNTY, NY",134905,NY
"CHEMUNG COUNTY, NY",88830,NY
"CHENANGO COUNTY, NY",50477,NY
"CLINTON COUNTY, NY",82128,NY
"COLUMBIA COUNTY, NY",63096,NY
"CORTLAND COUNTY, NY",49336,NY
"DELAWARE COUNTY, NY",47980,NY
"DUTCHESS COUNTY, NY",297488,NY
"ERIE COUNTY, NY",919040,NY
"ESSEX COUNTY, NY",39370,NY
"FRANKLIN COUNTY, NY",51599,NY
"FULTON COUNTY, NY",55531,NY
"GENESEE COUNTY, NY",60079,NY
"GREENE COUNTY, NY",49221,NY
"HAMILTON COUNTY, NY",4836,NY
"HERKIMER COUNTY, NY",64519,NY
"JEFFERSON COUNTY, NY",116229,NY
"KINGS COUNTY, NY",2504700,NY
"LEWIS COUNTY, NY",27087,NY
"LIVINGSTON COUNTY, NY",65393,NY
"MADISON COUNTY, NY",73442,NY
"MONROE COUNTY, NY",744344,NY
"MONTGOMERY COUNTY, NY",50219,NY
"NASSAU COUNTY, NY",1339532,NY
"NEW YORK COUNTY, NY",1585873,NY
"NIAGARA COUNTY, NY",216469,NY
"ONEIDA COUNTY, NY",234878,NY
"ONONDAGA COUNTY, NY",467026,NY
"ONTARIO COUNTY, NY",107931,NY
"ORANGE COUNTY, NY",372813,NY
"ORLEANS COUNTY, NY",42883,NY
"OSWEGO COUNTY, NY",122109,NY
"OTSEGO COUNTY, NY",62259,NY
"PUTNAM COUNTY, NY",99710,NY
"QUEENS COUNTY, NY",2230722,NY
"RENSSELAER COUNTY, NY",159429,NY
"RICHMOND COUNTY, NY",468730,NY
"ROCKLAND COUNTY, NY",311687,NY
"ST. LAWRENCE COUNTY, NY",111944,NY
"SARATOGA COUNTY, NY",219607,NY
"SCHENECTADY COUNTY, NY",154727,NY
"SCHOHARIE COUNTY, NY",32749,NY
"SCHUYLER COUNTY, NY",18343,NY
"SENECA COUNTY, NY",35251,NY
"STEUBEN COUNTY, NY",98990,NY
"SUFFOLK COUNTY, NY",1493350,NY
"SULLIVAN COUNTY, NY",77547,NY
"TIOGA COUNTY, NY",51125,NY
"TOMPKINS COUNTY, NY",101564,NY
"ULSTER COUNTY, NY",182493,NY
"WARREN COUNTY, NY",65707,NY
"WASHINGTON COUNTY, NY",63216,NY
"WAYNE COUNTY, NY",93772,NY
"WESTCHESTER COUNTY, NY",949113,NY
"WYOMING COUNTY, NY",42155,NY
"YATES COUNTY, NY",25348,NY
"ADAIR COUNTY, OK",22683,OK
"ALFALFA COUNTY, OK",5642,OK
"ATOKA COUNTY, OK",14182,OK
"BEAVER COUNTY, OK",5636,OK
"BECKHAM COUNTY, OK",22119,OK
"BLAINE COUNTY, OK",11943,OK
"BRYAN COUNTY, OK",42416,OK
"CADDO COUNTY, OK",29600,OK
"CANADIAN COUNTY, OK",115541,OK
"CARTER COUNTY, OK",47557,OK
"CHEROKEE COUNTY, OK",46987,OK
"CHOCTAW COUNTY, OK",15205,OK
"CIMARRON COUNTY, OK",2475,OK
"CLEVELAND COUNTY, OK",255755,OK
"COAL COUNTY, OK",5925,OK
"COMANCHE COUNTY, OK",124098,OK
"COTTON COUNTY, OK",6193,OK
"CRAIG COUNTY, OK",15029,OK
"CREEK COUNTY, OK",69967,OK
"CUSTER COUNTY, OK",27469,OK
"DELAWARE COUNTY, OK",41487,OK
"DEWEY COUNTY, OK",4810,OK
"ELLIS COUNTY, OK",4151,OK
"GARFIELD COUNTY, OK",60580,OK
"GARVIN COUNTY, OK",27576,OK
"GRADY COUNTY, OK",52431,OK
"GRANT COUNTY, OK",4527,OK
"GREER COUNTY, OK",6239,OK
"HARMON COUNTY, OK",2922,OK
"HARPER COUNTY, OK",3685,OK
"HASKELL COUNTY, OK",12769,OK
"HUGHES COUNTY, OK",14003,OK
"JACKSON COUNTY, OK",26446,OK
"JEFFERSON COUNTY, OK",6472,OK
"JOHNSTON COUNTY, OK",10957,OK
"KAY COUNTY, OK",46562,OK
"KINGFISHER COUNTY, OK",15034,OK
"KIOWA COUNTY, OK",9446,OK
"LATIMER COUNTY, OK",11154,OK
"LE FLORE COUNTY, OK",50384,OK
"LINCOLN COUNTY, OK",34273,OK
"LOGAN COUNTY, OK",41848,OK
"LOVE COUNTY, OK",9423,OK
"MCCLAIN COUNTY, OK",34506,OK
"MCCURTAIN COUNTY, OK",33151,OK
"MCINTOSH COUNTY, OK",20252,OK
"MAJOR COUNTY, OK",7527,OK
"MARSHALL COUNTY, OK",15840,OK
"MAYES COUNTY, OK",41259,OK
"MURRAY COUNTY, OK",13488,OK
"MUSKOGEE COUNTY, OK",70990,OK
"NOBLE COUNTY, OK",11561,OK
"NOWATA COUNTY, OK",10536,OK
"OKFUSKEE COUNTY, OK",12191,OK
"OKLAHOMA COUNTY, OK",718633,OK
"OKMULGEE COUNTY, OK",40069,OK
"OSAGE COUNTY, OK",47472,OK
"OTTAWA COUNTY, OK",31848,OK
"PAWNEE COUNTY, OK",16577,OK
"PAYNE COUNTY, OK",77350,OK
"PITTSBURG COUNTY, OK",45837,OK
"PONTOTOC COUNTY, OK",37492,OK
"POTTAWATOMIE COUNTY, OK",69442,OK
"PUSHMATAHA COUNTY, OK",11572,OK
"ROGER MILLS COUNTY, OK",3647,OK
"ROGERS COUNTY, OK",86905,OK
"SEMINOLE COUNTY, OK",25482,OK
"SEQUOYAH COUNTY, OK",42391,OK
"STEPHENS COUNTY, OK",45048,OK
"TEXAS COUNTY, OK",20640,OK
"TILLMAN COUNTY, OK",7992,OK
"TULSA COUNTY, OK",603403,OK
"WAGONER COUNTY, OK",73085,OK
"WASHINGTON COUNTY, OK",50976,OK
"WASHITA COUNTY, OK",11629,OK
"WOODS COUNTY, OK",8878,OK
"WOODWARD COUNTY, OK",20081,OK
"BAKER COUNTY, OR",16134,OR
"BENTON COUNTY, OR",85579,OR
"CLACKAMAS COUNTY, OR",375992,OR
"CLATSOP COUNTY, OR",37039,OR
"COLUMBIA COUNTY, OR",49351,OR
"COOS COUNTY, OR",63043,OR
"CROOK COUNTY, OR",20978,OR
"CURRY COUNTY, OR",22364,OR
"DESCHUTES COUNTY, OR",157733,OR
"DOUGLAS COUNTY, OR",107667,OR
"GILLIAM COUNTY, OR",1871,OR
"GRANT COUNTY, OR",7445,OR
"HARNEY COUNTY, OR",7422,OR
"HOOD RIVER COUNTY, OR",22346,OR
"JACKSON COUNTY, OR",203206,OR
"JEFFERSON COUNTY, OR",21720,OR
"JOSEPHINE COUNTY, OR",82713,OR
"KLAMATH COUNTY, OR",66380,OR
"LAKE COUNTY, OR",7895,OR
"LANE COUNTY, OR",351715,OR
"LINCOLN COUNTY, OR",46034,OR
"LINN COUNTY, OR",116672,OR
"MALHEUR COUNTY, OR",31313,OR
"MARION COUNTY, OR",315335,OR
"MORROW COUNTY, OR",11173,OR
"MULTNOMAH COUNTY, OR",735334,OR
"POLK COUNTY, OR",75403,OR
"SHERMAN COUNTY, OR",1765,OR
"TILLAMOOK COUNTY, OR",25250,OR
"UMATILLA COUNTY, OR",75889,OR
"UNION COUNTY, OR",25748,OR
"WALLOWA COUNTY, OR",7008,OR
"WASCO COUNTY, OR",25213,OR
"WASHINGTON COUNTY, OR",529710,OR
"WHEELER COUNTY, OR",1441,OR
"YAMHILL COUNTY, OR",99193,OR
"ABBEVILLE COUNTY, SC",25417,SC
"AIKEN COUNTY, SC",160099,SC
"ALLENDALE COUNTY, SC",10419,SC
"ANDERSON COUNTY, SC",187126,SC
"BAMBERG COUNTY, SC",15987,SC
"BARNWELL COUNTY, SC",22621,SC
"BEAUFORT COUNTY, SC",162233,SC
"BERKELEY COUNTY, SC",177843,SC
"CALHOUN COUNTY, SC",15175,SC
"CHARLESTON COUNTY, SC",350209,SC
"CHEROKEE COUNTY, SC",55342,SC
"CHESTER COUNTY, SC",33140,SC
"CHESTERFIELD COUNTY, SC",46734,SC
"CLARENDON COUNTY, SC",34971,SC
"COLLETON COUNTY, SC",38892,SC
"DARLINGTON COUNTY, SC",68681,SC
"DILLON COUNTY, SC",32062,SC
"DORCHESTER COUNTY, SC",136555,SC
"EDGEFIELD COUNTY, SC",26985,SC
"FAIRFIELD COUNTY, SC",23956,SC
"FLORENCE COUNTY, SC",136885,SC
"GEORGETOWN COUNTY, SC",60158,SC
"GREENVILLE COUNTY, SC",451225,SC
"GREENWOOD COUNTY, SC",69661,SC
"HAMPTON COUNTY, SC",21090,SC
"HORRY COUNTY, SC",269291,SC
"JASPER COUNTY, SC",24777,SC
"KERSHAW COUNTY, SC",61697,SC
"LANCASTER COUNTY, SC",76652,SC
"LAURENS COUNTY, SC",66537,SC
"LEE COUNTY, SC",19220,SC
"LEXINGTON COUNTY, SC",262391,SC
"MCCORMICK COUNTY, SC",10233,SC
"MARION COUNTY, SC",33062,SC
"MARLBORO COUNTY, SC",28933,SC
"NEWBERRY COUNTY, SC",37508,SC
"OCONEE COUNTY, SC",74273,SC
"ORANGEBURG COUNTY, SC",92501,SC
"PICKENS COUNTY, SC",119224,SC
"RICHLAND COUNTY, SC",384504,SC
"SALUDA COUNTY, SC",19875,SC
"SPARTANBURG COUNTY, SC",284307,SC
"SUMTER COUNTY, SC",107456,SC
"UNION COUNTY, SC",28961,SC
"WILLIAMSBURG COUNTY, SC",34423,SC
"YORK COUNTY, SC",226073,SC
"ANDERSON COUNTY, TX",58458,TX
"ANDREWS COUNTY, TX",14786,TX
"ANGELINA COUNTY, TX",86771,TX
"ARANSAS COUNTY, TX",23158,TX
"ARCHER COUNTY, TX",9054,TX
"ARMSTRONG COUNTY, TX",1901,TX
"ATASCOSA COUNTY, TX",44911,TX
"AUSTIN COUNTY, TX",28417,TX
"BAILEY COUNTY, TX",7165,TX
"BANDERA COUNTY, TX",20485,TX
"BASTROP COUNTY, TX",74171,TX
"BAYLOR COUNTY, TX",3726,TX
"BEE COUNTY, TX",31861,TX
"BELL COUNTY, TX",310235,TX
"BEXAR COUNTY, TX",1714773,TX
"BLANCO COUNTY, TX",10497,TX
"BORDEN COUNTY, TX",641,TX
"BOSQUE COUNTY, TX",18212,TX
"BOWIE COUNTY, TX",92565,TX
"BRAZORIA COUNTY, TX",313166,TX
"BRAZOS COUNTY, TX",194851,TX
"BREWSTER COUNTY, TX",9232,TX
"BRISCOE COUNTY, TX",1637,TX
"BROOKS COUNTY, TX",7223,TX
"BROWN COUNTY, TX",38106,TX
"BURLESON COUNTY, TX",17187,TX
"BURNET COUNTY, TX",42750,TX
"CALDWELL COUNTY, TX",38066,TX
"CALHOUN COUNTY, TX",21381,TX
"CALLAHAN COUNTY, TX",13544,TX
"CAMERON COUNTY, TX",406220,TX
"CAMP COUNTY, TX",12401,TX
"CARSON COUNTY, TX",6182,TX
"CASS COUNTY, TX",30464,TX
"CASTRO COUNTY, TX",8062,TX
"CHAMBERS COUNTY, TX",35096,TX
"CHEROKEE COUNTY, TX",50845,TX
"CHILDRESS COUNTY, TX",7041,TX
"CLAY COUNTY, TX",10752,TX
"COCHRAN COUNTY, TX",3127,TX
"COKE COUNTY, TX",3320,TX
"COLEMAN COUNTY, TX",8895,TX
"COLLIN COUNTY, TX",782341,TX
"COLLINGSWORTH COUNTY, TX",3057,TX
"COLORADO COUNTY, TX",20874,TX
"COMAL COUNTY, TX",108472,TX
"COMANCHE COUNTY, TX",13974,TX
"CONCHO COUNTY, TX",4087,TX
"COOKE COUNTY, TX",38437,TX
"CORYELL COUNTY, TX",75388,TX
"COTTLE COUNTY, TX",1505,TX
"CRANE COUNTY, TX",4375,TX
"CROCKETT COUNTY, TX",3719,TX
"CROSBY COUNTY, TX",6059,TX
"CULBERSON COUNTY, TX",2398,TX
"DALLAM COUNTY, TX",6703,TX
"DALLAS COUNTY, TX",2368139,TX
"DAWSON COUNTY, TX",13833,TX
"DEAF SMITH COUNTY, TX",19372,TX
"DELTA COUNTY, TX",5231,TX
"DENTON COUNTY, TX",662614,TX
"DEWITT COUNTY, TX",20097,TX
"DICKENS COUNTY, TX",2444,TX
"DIMMIT COUNTY, TX",9996,TX
"DONLEY COUNTY, TX",3677,TX
"DUVAL COUNTY, TX",11782,TX
"EASTLAND COUNTY, TX",18583,TX
"ECTOR COUNTY, TX",137130,TX
"EDWARDS COUNTY, TX",2002,TX
"ELLIS COUNTY, TX",149610,TX
"EL PASO COUNTY, TX",800647,TX
"ERATH COUNTY, TX",37890,TX
"FALLS COUNTY, TX",17866,TX
"FANNIN COUNTY, TX",33915,TX
"FAYETTE COUNTY, TX",24554,TX
"FISHER COUNTY, TX",3974,TX
"FLOYD COUNTY, TX",6446,TX
"FOARD COUNTY, TX",1336,TX
"FORT BEND COUNTY, TX",585375,TX
"FRANKLIN COUNTY, TX",10605,TX
"FREESTONE COUNTY, TX",19816,TX
"FRIO COUNTY, TX",17217,TX
"GAINES COUNTY, TX",17526,TX
"GALVESTON COUNTY, TX",291309,TX
"GARZA COUNTY, TX",6461,TX
"GILLESPIE COUNTY, TX",24837,TX
"GLASSCOCK COUNTY, TX",1226,TX
"GOLIAD COUNTY, TX",7210,TX
"GONZALES COUNTY, TX",19807,TX
"GRAY COUNTY, TX",22535,TX
"GRAYSON COUNTY, TX",120877,TX
"GREGG COUNTY, TX",121730,TX
"GRIMES COUNTY, TX",26604,TX
"GUADALUPE COUNTY, TX",131533,TX
"HALE COUNTY, TX",36273,TX
"HALL COUNTY, TX",3353,TX
"HAMILTON COUNTY, TX",8517,TX
"HANSFORD COUNTY, TX",5613,TX
"HARDEMAN COUNTY, TX",4139,TX
"HARDIN COUNTY, TX",54635,TX
"HARRIS COUNTY, TX",4092459,TX
"HARRISON COUNTY, TX",65631,TX
"HARTLEY COUNTY, TX",6062,TX
"HASKELL COUNTY, TX",5899,TX
"HAYS COUNTY, TX",157107,TX
"HEMPHILL COUNTY, TX",3807,TX
"HENDERSON COUNTY, TX",78532,TX
"HIDALGO COUNTY, TX",774769,TX
"HILL COUNTY, TX",35089,TX
"HOCKLEY COUNTY, TX",22935,TX
"HOOD COUNTY, TX",51182,TX
"HOPKINS COUNTY, TX",35161,TX
"HOUSTON COUNTY, TX",23732,TX
"HOWARD COUNTY, TX",35012,TX
"HUDSPETH COUNTY, TX",3476,TX
"HUNT COUNTY, TX",86129,TX
"HUTCHINSON COUNTY, TX",22150,TX
"IRION COUNTY, TX",1599,TX
"JACK COUNTY, TX",9044,TX
"JACKSON COUNTY, TX",14075,TX
"JASPER COUNTY, TX",35710,TX
"JEFF DAVIS COUNTY, TX",2342,TX
"JEFFERSON COUNTY, TX",252273,TX
"JIM HOGG COUNTY, TX",5300,TX
"JIM WELLS COUNTY, TX",40838,TX
"JOHNSON COUNTY, TX",150934,TX
"JONES COUNTY, TX",20202,TX
"KARNES COUNTY, TX",14824,TX
"KAUFMAN COUNTY, TX",103350,TX
"KENDALL COUNTY, TX",33410,TX
"KENEDY COUNTY, TX",416,TX
"KENT COUNTY, TX",808,TX
"KERR COUNTY, TX",49625,TX
"KIMBLE COUNTY, TX",4607,TX
"KING COUNTY, TX",286,TX
"KINNEY COUNTY, TX",3598,TX
"KLEBERG COUNTY, TX",32061,TX
"KNOX COUNTY, TX",3719,TX
"LAMAR COUNTY, TX",49793,TX
"LAMB COUNTY, TX",13977,TX
"LAMPASAS COUNTY, TX",19677,TX
"LA SALLE COUNTY, TX",6886,TX
"LAVACA COUNTY, TX",19263,TX
"LEE COUNTY, TX",16612,TX
"LEON COUNTY, TX",16801,TX
"LIBERTY COUNTY, TX",75643,TX
"LIMESTONE COUNTY, TX",23384,TX
"LIPSCOMB COUNTY, TX",3302,TX
"LIVE OAK COUNTY, TX",11531,TX
"LLANO COUNTY, TX",19301,TX
"LOVING COUNTY, TX",82,TX
"LUBBOCK COUNTY, TX",278831,TX
"LYNN COUNTY, TX",5915,TX
"MCCULLOCH COUNTY, TX",8283,TX
"MCLENNAN COUNTY, TX",234906,TX
"MCMULLEN COUNTY, TX",707,TX
"MADISON COUNTY, TX",13664,TX
"MARION COUNTY, TX",10546,TX
"MARTIN COUNTY, TX",4799,TX
"MASON COUNTY, TX",4012,TX
"MATAGORDA COUNTY, TX",36702,TX
"MAVERICK COUNTY, TX",54258,TX
"MEDINA COUNTY, TX",46006,TX
"MENARD COUNTY, TX",2242,TX
"MIDLAND COUNTY, TX",136872,TX
"MILAM COUNTY, TX",24757,TX
"MILLS COUNTY, TX",4936,TX
"MITCHELL COUNTY, TX",9403,TX
"MONTAGUE COUNTY, TX",19719,TX
"MONTGOMERY COUNTY, TX",455746,TX
"MOORE COUNTY, TX",21904,TX
"MORRIS COUNTY, TX",12934,TX
"MOTLEY COUNTY, TX",1210,TX
"NACOGDOCHES COUNTY, TX",64524,TX
"NAVARRO COUNTY, TX",47735,TX
"NEWTON COUNTY, TX",14445,TX
"NOLAN COUNTY, TX",15216,TX
"NUECES COUNTY, TX",340223,TX
"OCHILTREE COUNTY, TX",10223,TX
"OLDHAM COUNTY, TX",2052,TX
"ORANGE COUNTY, TX",81837,TX
"PALO PINTO COUNTY, TX",28111,TX
"PANOLA COUNTY, TX",23796,TX
"PARKER COUNTY, TX",116927,TX
"PARMER COUNTY, TX",10269,TX
"PECOS COUNTY, TX",15507,TX
"POLK COUNTY, TX",45413,TX
"POTTER COUNTY, TX",121073,TX
"PRESIDIO COUNTY, TX",7818,TX
"RAINS COUNTY, TX",10914,TX
"RANDALL COUNTY, TX",120725,TX
"REAGAN COUNTY, TX",3367,TX
"REAL COUNTY, TX",3309,TX
"RED RIVER COUNTY, TX",12860,TX
"REEVES COUNTY, TX",13783,TX
"REFUGIO COUNTY, TX",7383,TX
"ROBERTS COUNTY, TX",929,TX
"ROBERTSON COUNTY, TX",16622,TX
"ROCKWALL COUNTY, TX",78337,TX
"RUNNELS COUNTY, TX",10501,TX
"RUSK COUNTY, TX",53330,TX
"SABINE COUNTY, TX",10834,TX
"SAN AUGUSTINE COUNTY, TX",8865,TX
"SAN JACINTO COUNTY, TX",26384,TX
"SAN PATRICIO COUNTY, TX",64804,TX
"SAN SABA COUNTY, TX",6131,TX
"SCHLEICHER COUNTY, TX",3461,TX
"SCURRY COUNTY, TX",16921,TX
"SHACKELFORD COUNTY, TX",3378,TX
"SHELBY COUNTY, TX",25448,TX
"SHERMAN COUNTY, TX",3034,TX
"SMITH COUNTY, TX",209714,TX
"SOMERVELL COUNTY, TX",8490,TX
"STARR COUNTY, TX",60968,TX
"STEPHENS COUNTY, TX",9630,TX
"STERLING COUNTY, TX",1143,TX
"STONEWALL COUNTY, TX",1490,TX
"SUTTON COUNTY, TX",4128,TX
"SWISHER COUNTY, TX",7854,TX
"TARRANT COUNTY, TX",1809034,TX
"TAYLOR COUNTY, TX",131506,TX
"TERRELL COUNTY, TX",984,TX
"TERRY COUNTY, TX",12651,TX
"THROCKMORTON COUNTY, TX",1641,TX
"TITUS COUNTY, TX",32334,TX
"TOM GREEN COUNTY, TX",110224,TX
"TRAVIS COUNTY, TX",1024266,TX
"TRINITY COUNTY, TX",14585,TX
"TYLER COUNTY, TX",21766,TX
"UPSHUR COUNTY, TX",39309,TX
"UPTON COUNTY, TX",3355,TX
"UVALDE COUNTY, TX",26405,TX
"VAL VERDE COUNTY, TX",48879,TX
"VAN ZANDT COUNTY, TX",52579,TX
"VICTORIA COUNTY, TX",86793,TX
"WALKER COUNTY, TX",67861,TX
"WALLER COUNTY, TX",43205,TX
"WARD COUNTY, TX",10658,TX
"WASHINGTON COUNTY, TX",33718,TX
"WEBB COUNTY, TX",250304,TX
"WHARTON COUNTY, TX",41280,TX
"WHEELER COUNTY, TX",5410,TX
"WICHITA COUNTY, TX",131500,TX
"WILBARGER COUNTY, TX",13535,TX
"WILLACY COUNTY, TX",22134,TX
"WILLIAMSON COUNTY, TX",422679,TX
"WILSON COUNTY, TX",42918,TX
"WINKLER COUNTY, TX",7110,TX
"WISE COUNTY, TX",59127,TX
"WOOD COUNTY, TX",41964,TX
"YOAKUM COUNTY, TX",7879,TX
"YOUNG COUNTY, TX",18550,TX
"ZAPATA COUNTY, TX",14018,TX
"ZAVALA COUNTY, TX",11677,TX
"ADAMS COUNTY, WA",18728,WA
"ASOTIN COUNTY, WA",21623,WA
"BENTON COUNTY, WA",175177,WA
"CHELAN COUNTY, WA",72453,WA
"CLALLAM COUNTY, WA",71404,WA
"CLARK COUNTY, WA",425363,WA
"COLUMBIA COUNTY, WA",4078,WA
"COWLITZ COUNTY, WA",102410,WA
"DOUGLAS COUNTY, WA",38431,WA
"FERRY COUNTY, WA",7551,WA
"FRANKLIN COUNTY, WA",78163,WA
"GARFIELD COUNTY, WA",2266,WA
"GRANT COUNTY, WA",89120,WA
"GRAYS HARBOR COUNTY, WA",72797,WA
"ISLAND COUNTY, WA",78506,WA
"JEFFERSON COUNTY, WA",29872,WA
"KING COUNTY, WA",1931249,WA
"KITSAP COUNTY, WA",251133,WA
"KITTITAS COUNTY, WA",40915,WA
"KLICKITAT COUNTY, WA",20318,WA
"LEWIS COUNTY, WA",75455,WA
"LINCOLN COUNTY, WA",10570,WA
"MASON COUNTY, WA",60699,WA
"OKANOGAN COUNTY, WA",41120,WA
"PACIFIC COUNTY, WA",20920,WA
"PEND OREILLE COUNTY, WA",13001,WA
"PIERCE COUNTY, WA",795225,WA
"SAN JUAN COUNTY, WA",15769,WA
"SKAGIT COUNTY, WA",116901,WA
"SKAMANIA COUNTY, WA",11066,WA
"SNOHOMISH COUNTY, WA",713335,WA
"SPOKANE COUNTY, WA",471221,WA
"STEVENS COUNTY, WA",43531,WA
"THURSTON COUNTY, WA",252264,WA
"WAHKIAKUM COUNTY, WA",3978,WA
"WALLA WALLA COUNTY, WA",58781,WA
"WHATCOM COUNTY, WA",201140,WA
"WHITMAN COUNTY, WA",44776,WA
"YAKIMA COUNTY, WA",243231,WA
